eval_idx,utility,served_count,served_ratio,success_flag,first_feasible_flag,window_feasible_attempts,rate_feasible_attempts,transmission_feasible_attempts,outage_count,duplicate_count,conflict_count,energy_cost,best_so_far,runtime_sec,method,seed,scale,iteration,current_reward,best_reward,feasible,served_tasks,best_served_tasks,channel_model,window_width,rate_threshold_mbps,experiment,budget
1,0.0,0,0.0,False,False,6,0,0,2,0,0,233.48797306143143,0.0,0.0007547000132035464,full_space_bo,0,medium,1,0.0,0.0,False,0,0,distance,60.0,15.0,window_wide,300
2,0.0,0,0.0,False,False,4,0,0,0,0,0,187.117307914403,0.0,0.0013911999994888902,full_space_bo,0,medium,2,0.0,0.0,False,0,0,distance,60.0,15.0,window_wide,300
3,0.0,0,0.0,False,False,2,0,0,0,0,4,226.66634196788328,0.0,0.002024500005063601,full_space_bo,0,medium,3,0.0,0.0,False,0,0,distance,60.0,15.0,window_wide,300
4,0.0,0,0.0,False,False,2,0,0,0,0,1,229.91458075521547,0.0,0.0026523000124143437,full_space_bo,0,medium,4,0.0,0.0,False,0,0,distance,60.0,15.0,window_wide,300
5,0.0,0,0.0,False,False,1,0,0,0,0,0,242.78731208908033,0.0,0.003576300005079247,full_space_bo,0,medium,5,0.0,0.0,False,0,0,distance,60.0,15.0,window_wide,300
6,0.0,0,0.0,False,False,2,0,0,0,0,1,256.9375247700236,0.0,0.004686500004027039,full_space_bo,0,medium,6,0.0,0.0,False,0,0,distance,60.0,15.0,window_wide,300
7,0.0,0,0.0,False,False,3,0,0,0,0,1,226.0671543519981,0.0,0.005494000011822209,full_space_bo,0,medium,7,0.0,0.0,False,0,0,distance,60.0,15.0,window_wide,300
8,0.0,0,0.0,False,False,2,0,0,0,0,1,263.754595788293,0.0,0.006257100001676008,full_space_bo,0,medium,8,0.0,0.0,False,0,0,distance,60.0,15.0,window_wide,300
9,0.0,0,0.0,False,False,2,0,0,0,0,1,236.85736425347932,0.0,0.007158800013712607,full_space_bo,0,medium,9,0.0,0.0,False,0,0,distance,60.0,15.0,window_wide,300
10,0.0,0,0.0,False,False,3,0,0,0,0,0,250.59251592451324,0.0,0.007850600013625808,full_space_bo,0,medium,10,0.0,0.0,False,0,0,distance,60.0,15.0,window_wide,300
11,0.0,0,0.0,False,False,3,0,0,1,0,1,138.4604604845721,0.0,0.008880699999281205,full_space_bo,0,medium,11,0.0,0.0,False,0,0,distance,60.0,15.0,window_wide,300
12,0.0,0,0.0,False,False,5,0,0,1,0,0,251.61358356084529,0.0,0.010056900006020442,full_space_bo,0,medium,12,0.0,0.0,False,0,0,distance,60.0,15.0,window_wide,300
13,0.0,0,0.0,False,False,5,0,0,1,0,0,237.50365278559067,0.0,0.01067930000135675,full_space_bo,0,medium,13,0.0,0.0,False,0,0,distance,60.0,15.0,window_wide,300
14,0.0,0,0.0,False,False,3,0,0,1,0,1,207.25310211972038,0.0,0.011295100004645064,full_space_bo,0,medium,14,0.0,0.0,False,0,0,distance,60.0,15.0,window_wide,300
15,0.0,0,0.0,False,False,3,0,0,0,0,1,210.70490546285146,0.0,0.011914100003195927,full_space_bo,0,medium,15,0.0,0.0,False,0,0,distance,60.0,15.0,window_wide,300
16,0.0,0,0.0,False,False,2,0,0,1,0,1,164.5244262720842,0.0,0.012529800005722791,full_space_bo,0,medium,16,0.0,0.0,False,0,0,distance,60.0,15.0,window_wide,300
17,0.0,0,0.0,False,False,5,0,0,0,0,0,249.36305873166162,0.0,0.013142200012225658,full_space_bo,0,medium,17,0.0,0.0,False,0,0,distance,60.0,15.0,window_wide,300
18,0.0,0,0.0,False,False,2,0,0,1,0,2,245.03773387627876,0.0,0.01381460000993684,full_space_bo,0,medium,18,0.0,0.0,False,0,0,distance,60.0,15.0,window_wide,300
19,0.0,0,0.0,False,False,4,0,0,0,0,0,191.44776588177146,0.0,0.014466500011621974,full_space_bo,0,medium,19,0.0,0.0,False,0,0,distance,60.0,15.0,window_wide,300
20,0.0,0,0.0,False,False,8,0,0,0,0,1,223.0999249916693,0.0,0.015096500006620772,full_space_bo,0,medium,20,0.0,0.0,False,0,0,distance,60.0,15.0,window_wide,300
21,0.0,0,0.0,False,False,3,0,0,1,0,2,240.67620690108777,0.0,0.015786900010425597,full_space_bo,0,medium,21,0.0,0.0,False,0,0,distance,60.0,15.0,window_wide,300
22,0.0,0,0.0,False,False,0,0,0,0,0,0,208.2970651259713,0.0,0.0164472000033129,full_space_bo,0,medium,22,0.0,0.0,False,0,0,distance,60.0,15.0,window_wide,300
23,0.0,0,0.0,False,False,6,0,0,0,0,1,246.37501718059355,0.0,0.017103800011682324,full_space_bo,0,medium,23,0.0,0.0,False,0,0,distance,60.0,15.0,window_wide,300
24,0.0,0,0.0,False,False,2,0,0,0,0,0,201.42385873763362,0.0,0.017760400005499832,full_space_bo,0,medium,24,0.0,0.0,False,0,0,distance,60.0,15.0,window_wide,300
25,0.0,0,0.0,False,False,0,0,0,0,0,1,227.30344152166973,0.0,0.018628100006026216,full_space_bo,0,medium,25,0.0,0.0,False,0,0,distance,60.0,15.0,window_wide,300
26,0.0,0,0.0,False,False,6,0,0,1,0,0,162.10803791334922,0.0,0.02014180000696797,full_space_bo,0,medium,26,0.0,0.0,False,0,0,distance,60.0,15.0,window_wide,300
27,0.0,0,0.0,False,False,0,0,0,0,0,0,170.26196074283183,0.0,0.0209756000112975,full_space_bo,0,medium,27,0.0,0.0,False,0,0,distance,60.0,15.0,window_wide,300
28,0.0,0,0.0,False,False,1,0,0,0,0,1,208.77722150689627,0.0,0.021647300003678538,full_space_bo,0,medium,28,0.0,0.0,False,0,0,distance,60.0,15.0,window_wide,300
29,0.0,0,0.0,False,False,1,0,0,1,0,1,221.1787865063581,0.0,0.022309800013317727,full_space_bo,0,medium,29,0.0,0.0,False,0,0,distance,60.0,15.0,window_wide,300
30,0.0,0,0.0,False,False,2,0,0,0,0,0,217.68468889205207,0.0,0.022966600008658133,full_space_bo,0,medium,30,0.0,0.0,False,0,0,distance,60.0,15.0,window_wide,300
31,0.0,0,0.0,False,False,2,0,0,0,0,0,217.47142252708255,0.0,0.02362040001025889,full_space_bo,0,medium,31,0.0,0.0,False,0,0,distance,60.0,15.0,window_wide,300
32,0.0,0,0.0,False,False,3,0,0,0,0,3,181.36363395548688,0.0,0.02427810001245234,full_space_bo,0,medium,32,0.0,0.0,False,0,0,distance,60.0,15.0,window_wide,300
33,0.0,0,0.0,False,False,2,0,0,0,0,0,192.81215273397612,0.0,0.024932100001024082,full_space_bo,0,medium,33,0.0,0.0,False,0,0,distance,60.0,15.0,window_wide,300
34,0.0,0,0.0,False,False,2,0,0,0,0,0,106.88678790884684,0.0,0.02559320000000298,full_space_bo,0,medium,34,0.0,0.0,False,0,0,distance,60.0,15.0,window_wide,300
35,0.0,0,0.0,False,False,3,0,0,0,0,0,233.2720741122853,0.0,0.02632390000508167,full_space_bo,0,medium,35,0.0,0.0,False,0,0,distance,60.0,15.0,window_wide,300
36,0.0,0,0.0,False,False,2,0,0,0,0,1,258.35499844020524,0.0,0.026989400008460507,full_space_bo,0,medium,36,0.0,0.0,False,0,0,distance,60.0,15.0,window_wide,300
37,0.0,0,0.0,False,False,3,0,0,1,0,0,199.19511440069877,0.0,0.027738000004319474,full_space_bo,0,medium,37,0.0,0.0,False,0,0,distance,60.0,15.0,window_wide,300
38,0.0,0,0.0,False,False,4,0,0,0,0,0,218.0585233766595,0.0,0.028412600004230626,full_space_bo,0,medium,38,0.0,0.0,False,0,0,distance,60.0,15.0,window_wide,300
39,0.0,0,0.0,False,False,2,0,0,0,0,0,214.8335539209707,0.0,0.02907740000227932,full_space_bo,0,medium,39,0.0,0.0,False,0,0,distance,60.0,15.0,window_wide,300
40,0.0,0,0.0,False,False,5,0,0,0,0,0,215.8599229722883,0.0,0.029736500000581145,full_space_bo,0,medium,40,0.0,0.0,False,0,0,distance,60.0,15.0,window_wide,300
41,0.0,0,0.0,False,False,3,0,0,0,0,0,271.3383632912417,0.0,0.030394600005820394,full_space_bo,0,medium,41,0.0,0.0,False,0,0,distance,60.0,15.0,window_wide,300
42,0.0,0,0.0,False,False,6,0,0,1,0,0,213.90721141958272,0.0,0.031054200007929467,full_space_bo,0,medium,42,0.0,0.0,False,0,0,distance,60.0,15.0,window_wide,300
43,0.0,0,0.0,False,False,3,0,0,0,0,0,236.75512151963906,0.0,0.031712100011645816,full_space_bo,0,medium,43,0.0,0.0,False,0,0,distance,60.0,15.0,window_wide,300
44,0.0,0,0.0,False,False,2,0,0,0,0,1,206.39479435532107,0.0,0.03248330000496935,full_space_bo,0,medium,44,0.0,0.0,False,0,0,distance,60.0,15.0,window_wide,300
45,0.0,0,0.0,False,False,4,0,0,0,0,0,225.9751333233676,0.0,0.033278400005656295,full_space_bo,0,medium,45,0.0,0.0,False,0,0,distance,60.0,15.0,window_wide,300
46,0.0,0,0.0,False,False,3,0,0,0,0,1,109.9386952577731,0.0,0.034091000008629635,full_space_bo,0,medium,46,0.0,0.0,False,0,0,distance,60.0,15.0,window_wide,300
47,0.0,0,0.0,False,False,5,0,0,0,0,0,232.90964653802115,0.0,0.034959100012201816,full_space_bo,0,medium,47,0.0,0.0,False,0,0,distance,60.0,15.0,window_wide,300
48,0.0,0,0.0,False,False,1,0,0,1,0,0,195.2335351779016,0.0,0.03608840001106728,full_space_bo,0,medium,48,0.0,0.0,False,0,0,distance,60.0,15.0,window_wide,300
49,0.0,0,0.0,False,False,2,0,0,0,0,1,189.43752438712247,0.0,0.037212600000202656,full_space_bo,0,medium,49,0.0,0.0,False,0,0,distance,60.0,15.0,window_wide,300
50,0.0,0,0.0,False,False,5,0,0,0,0,0,134.9122064354188,0.0,0.03850210001110099,full_space_bo,0,medium,50,0.0,0.0,False,0,0,distance,60.0,15.0,window_wide,300
51,0.0,0,0.0,False,False,4,0,0,0,0,2,267.9558984990688,0.0,0.03933740001230035,full_space_bo,0,medium,51,0.0,0.0,False,0,0,distance,60.0,15.0,window_wide,300
52,0.0,0,0.0,False,False,2,0,0,0,0,1,149.09294603457084,0.0,0.040393800009042025,full_space_bo,0,medium,52,0.0,0.0,False,0,0,distance,60.0,15.0,window_wide,300
53,0.0,0,0.0,False,False,3,0,0,0,0,2,194.40260511516874,0.0,0.04129490000195801,full_space_bo,0,medium,53,0.0,0.0,False,0,0,distance,60.0,15.0,window_wide,300
54,0.0,0,0.0,False,False,3,0,0,0,0,0,175.74955777962555,0.0,0.04237060000014026,full_space_bo,0,medium,54,0.0,0.0,False,0,0,distance,60.0,15.0,window_wide,300
55,0.0,0,0.0,False,False,5,0,0,0,0,0,218.59305630343897,0.0,0.04350130000966601,full_space_bo,0,medium,55,0.0,0.0,False,0,0,distance,60.0,15.0,window_wide,300
56,0.0,0,0.0,False,False,4,0,0,0,0,1,217.2969639605516,0.0,0.044632800010731444,full_space_bo,0,medium,56,0.0,0.0,False,0,0,distance,60.0,15.0,window_wide,300
57,0.0,0,0.0,False,False,2,0,0,1,0,0,196.31767453966233,0.0,0.04589530000521336,full_space_bo,0,medium,57,0.0,0.0,False,0,0,distance,60.0,15.0,window_wide,300
58,0.0,0,0.0,False,False,3,0,0,1,0,0,239.75384098216705,0.0,0.04699820000678301,full_space_bo,0,medium,58,0.0,0.0,False,0,0,distance,60.0,15.0,window_wide,300
59,0.0,0,0.0,False,False,5,0,0,0,0,0,215.81061938323143,0.0,0.04811550000158604,full_space_bo,0,medium,59,0.0,0.0,False,0,0,distance,60.0,15.0,window_wide,300
60,0.0,0,0.0,False,False,3,0,0,0,0,0,261.9878896145149,0.0,0.049193900005775504,full_space_bo,0,medium,60,0.0,0.0,False,0,0,distance,60.0,15.0,window_wide,300
61,0.0,0,0.0,False,False,3,0,0,0,0,0,212.60597364924092,0.0,0.05026530000031926,full_space_bo,0,medium,61,0.0,0.0,False,0,0,distance,60.0,15.0,window_wide,300
62,0.0,0,0.0,False,False,3,0,0,0,0,1,247.14778737507606,0.0,0.05134610000823159,full_space_bo,0,medium,62,0.0,0.0,False,0,0,distance,60.0,15.0,window_wide,300
63,0.0,0,0.0,False,False,2,0,0,0,0,1,227.8515902372623,0.0,0.05243510000582319,full_space_bo,0,medium,63,0.0,0.0,False,0,0,distance,60.0,15.0,window_wide,300
64,0.0,0,0.0,False,False,4,0,0,0,0,0,233.57716375795536,0.0,0.05350600001111161,full_space_bo,0,medium,64,0.0,0.0,False,0,0,distance,60.0,15.0,window_wide,300
65,0.0,0,0.0,False,False,0,0,0,0,0,2,230.03528966595627,0.0,0.05530940000608098,full_space_bo,0,medium,65,0.0,0.0,False,0,0,distance,60.0,15.0,window_wide,300
66,0.0,0,0.0,False,False,0,0,0,0,0,0,231.39709872261432,0.0,0.05692570000246633,full_space_bo,0,medium,66,0.0,0.0,False,0,0,distance,60.0,15.0,window_wide,300
67,0.0,0,0.0,False,False,2,0,0,0,0,1,228.6296406997066,0.0,0.05821440000727307,full_space_bo,0,medium,67,0.0,0.0,False,0,0,distance,60.0,15.0,window_wide,300
68,0.0,0,0.0,False,False,4,0,0,1,0,1,216.26445939640718,0.0,0.05938330000208225,full_space_bo,0,medium,68,0.0,0.0,False,0,0,distance,60.0,15.0,window_wide,300
69,0.0,0,0.0,False,False,1,0,0,0,0,0,239.86053670639427,0.0,0.06052090000594035,full_space_bo,0,medium,69,0.0,0.0,False,0,0,distance,60.0,15.0,window_wide,300
70,0.0,0,0.0,False,False,3,0,0,0,0,2,163.127232465194,0.0,0.06218430001172237,full_space_bo,0,medium,70,0.0,0.0,False,0,0,distance,60.0,15.0,window_wide,300
71,0.0,0,0.0,False,False,3,0,0,0,0,0,242.81927655201252,0.0,0.06405440000526141,full_space_bo,0,medium,71,0.0,0.0,False,0,0,distance,60.0,15.0,window_wide,300
72,0.0,0,0.0,False,False,2,0,0,0,0,0,277.232295268566,0.0,0.06551490000856575,full_space_bo,0,medium,72,0.0,0.0,False,0,0,distance,60.0,15.0,window_wide,300
73,0.0,0,0.0,False,False,5,0,0,0,0,0,285.5524542994424,0.0,0.06690490001346916,full_space_bo,0,medium,73,0.0,0.0,False,0,0,distance,60.0,15.0,window_wide,300
74,0.0,0,0.0,False,False,1,0,0,0,0,1,267.4373337236018,0.0,0.0699464000063017,full_space_bo,0,medium,74,0.0,0.0,False,0,0,distance,60.0,15.0,window_wide,300
75,0.0,0,0.0,False,False,2,0,0,0,0,0,190.24461338121702,0.0,0.0712987000006251,full_space_bo,0,medium,75,0.0,0.0,False,0,0,distance,60.0,15.0,window_wide,300
76,0.0,0,0.0,False,False,3,0,0,1,0,0,154.09666265290494,0.0,0.07261380000272766,full_space_bo,0,medium,76,0.0,0.0,False,0,0,distance,60.0,15.0,window_wide,300
77,0.0,0,0.0,False,False,5,0,0,0,0,1,193.27000749898542,0.0,0.07387760000710841,full_space_bo,0,medium,77,0.0,0.0,False,0,0,distance,60.0,15.0,window_wide,300
78,0.0,0,0.0,False,False,6,0,0,0,0,0,244.35067883127084,0.0,0.07647270000597928,full_space_bo,0,medium,78,0.0,0.0,False,0,0,distance,60.0,15.0,window_wide,300
79,0.0,0,0.0,False,False,5,0,0,1,0,0,201.4247287375078,0.0,0.07783340000605676,full_space_bo,0,medium,79,0.0,0.0,False,0,0,distance,60.0,15.0,window_wide,300
80,0.0,0,0.0,False,False,4,0,0,0,0,0,307.87954632578015,0.0,0.07912800001213327,full_space_bo,0,medium,80,0.0,0.0,False,0,0,distance,60.0,15.0,window_wide,300
81,0.0,0,0.0,False,False,2,0,0,0,0,0,210.3628644420756,0.0,0.0812049000087427,full_space_bo,0,medium,81,0.0,0.0,False,0,0,distance,60.0,15.0,window_wide,300
82,0.0,0,0.0,False,False,1,0,0,0,0,0,258.27857500544593,0.0,0.08456100001058076,full_space_bo,0,medium,82,0.0,0.0,False,0,0,distance,60.0,15.0,window_wide,300
83,0.0,0,0.0,False,False,1,0,0,0,0,0,237.20933966352172,0.0,0.08592150000913534,full_space_bo,0,medium,83,0.0,0.0,False,0,0,distance,60.0,15.0,window_wide,300
84,0.0,0,0.0,False,False,2,0,0,0,0,1,168.19368746252516,0.0,0.08824550001008902,full_space_bo,0,medium,84,0.0,0.0,False,0,0,distance,60.0,15.0,window_wide,300
85,0.0,0,0.0,False,False,3,0,0,0,0,1,195.25201094368057,0.0,0.08977640001103282,full_space_bo,0,medium,85,0.0,0.0,False,0,0,distance,60.0,15.0,window_wide,300
86,0.0,0,0.0,False,False,1,0,0,0,0,2,246.34335346179333,0.0,0.0911268000054406,full_space_bo,0,medium,86,0.0,0.0,False,0,0,distance,60.0,15.0,window_wide,300
87,0.0,0,0.0,False,False,3,0,0,0,0,0,214.1835854464432,0.0,0.09223829999973532,full_space_bo,0,medium,87,0.0,0.0,False,0,0,distance,60.0,15.0,window_wide,300
88,0.0,0,0.0,False,False,5,0,0,0,0,0,282.6808039348021,0.0,0.09408780001103878,full_space_bo,0,medium,88,0.0,0.0,False,0,0,distance,60.0,15.0,window_wide,300
89,0.0,0,0.0,False,False,2,0,0,0,0,2,207.19858419299334,0.0,0.09509950000210665,full_space_bo,0,medium,89,0.0,0.0,False,0,0,distance,60.0,15.0,window_wide,300
90,0.0,0,0.0,False,False,3,0,0,0,0,0,220.32872377035264,0.0,0.09666310000466183,full_space_bo,0,medium,90,0.0,0.0,False,0,0,distance,60.0,15.0,window_wide,300
91,0.0,0,0.0,False,False,4,0,0,0,0,0,148.53439497325974,0.0,0.09831100000883453,full_space_bo,0,medium,91,0.0,0.0,False,0,0,distance,60.0,15.0,window_wide,300
92,0.0,0,0.0,False,False,1,0,0,0,0,1,246.65285017423585,0.0,0.10046720001264475,full_space_bo,0,medium,92,0.0,0.0,False,0,0,distance,60.0,15.0,window_wide,300
93,0.0,0,0.0,False,False,4,0,0,0,0,0,176.75650584509145,0.0,0.10183460000553168,full_space_bo,0,medium,93,0.0,0.0,False,0,0,distance,60.0,15.0,window_wide,300
94,0.0,0,0.0,False,False,1,0,0,0,0,0,233.27262969827024,0.0,0.10313100001076236,full_space_bo,0,medium,94,0.0,0.0,False,0,0,distance,60.0,15.0,window_wide,300
95,0.0,0,0.0,False,False,3,0,0,0,0,0,193.7384406250061,0.0,0.10533810000924859,full_space_bo,0,medium,95,0.0,0.0,False,0,0,distance,60.0,15.0,window_wide,300
96,0.0,0,0.0,False,False,3,0,0,0,0,0,302.24097314370516,0.0,0.10705240000970662,full_space_bo,0,medium,96,0.0,0.0,False,0,0,distance,60.0,15.0,window_wide,300
97,0.0,0,0.0,False,False,2,0,0,0,0,1,164.85185345334386,0.0,0.10828540001239162,full_space_bo,0,medium,97,0.0,0.0,False,0,0,distance,60.0,15.0,window_wide,300
98,0.0,0,0.0,False,False,1,0,0,0,0,2,200.05301333738464,0.0,0.10996190000150818,full_space_bo,0,medium,98,0.0,0.0,False,0,0,distance,60.0,15.0,window_wide,300
99,0.0,0,0.0,False,False,5,0,0,0,0,0,228.7668514324524,0.0,0.11225700000068173,full_space_bo,0,medium,99,0.0,0.0,False,0,0,distance,60.0,15.0,window_wide,300
100,0.0,0,0.0,False,False,4,0,0,0,0,0,222.89315623569968,0.0,0.113626700011082,full_space_bo,0,medium,100,0.0,0.0,False,0,0,distance,60.0,15.0,window_wide,300
101,0.0,0,0.0,False,False,6,0,0,0,0,0,220.97339791228566,0.0,0.11495850000937935,full_space_bo,0,medium,101,0.0,0.0,False,0,0,distance,60.0,15.0,window_wide,300
102,0.0,0,0.0,False,False,6,0,0,0,0,0,180.8141123851726,0.0,0.11628650000784546,full_space_bo,0,medium,102,0.0,0.0,False,0,0,distance,60.0,15.0,window_wide,300
103,0.0,0,0.0,False,False,2,0,0,0,0,0,194.31819650909108,0.0,0.11850500000582542,full_space_bo,0,medium,103,0.0,0.0,False,0,0,distance,60.0,15.0,window_wide,300
104,0.0,0,0.0,False,False,3,0,0,0,0,0,268.10856398815986,0.0,0.12031470000511035,full_space_bo,0,medium,104,0.0,0.0,False,0,0,distance,60.0,15.0,window_wide,300
105,0.0,0,0.0,False,False,3,0,0,1,0,0,159.6326371573131,0.0,0.12176110000291374,full_space_bo,0,medium,105,0.0,0.0,False,0,0,distance,60.0,15.0,window_wide,300
106,0.0,0,0.0,False,False,4,0,0,0,0,1,204.36941921428698,0.0,0.12405080000462476,full_space_bo,0,medium,106,0.0,0.0,False,0,0,distance,60.0,15.0,window_wide,300
107,7.440170128399419,1,0.05,True,True,5,1,1,0,0,0,235.97091096789026,7.440170128399419,0.1256001000001561,full_space_bo,0,medium,107,7.440170128399419,7.440170128399419,True,1,1,distance,60.0,15.0,window_wide,300
108,0.0,0,0.0,False,False,2,0,0,0,0,2,243.81765443996613,7.440170128399419,0.3258638000115752,full_space_bo,0,medium,108,0.0,7.440170128399419,False,0,1,distance,60.0,15.0,window_wide,300
109,0.0,0,0.0,False,False,3,0,0,0,0,1,234.96199332716074,7.440170128399419,0.4471477000042796,full_space_bo,0,medium,109,0.0,7.440170128399419,False,0,1,distance,60.0,15.0,window_wide,300
110,0.0,0,0.0,False,False,3,0,0,0,0,0,222.7640094676177,7.440170128399419,0.5663825000083307,full_space_bo,0,medium,110,0.0,7.440170128399419,False,0,1,distance,60.0,15.0,window_wide,300
111,0.0,0,0.0,False,False,2,0,0,0,0,1,235.42158239200387,7.440170128399419,0.6334061000088695,full_space_bo,0,medium,111,0.0,7.440170128399419,False,0,1,distance,60.0,15.0,window_wide,300
112,0.0,0,0.0,False,False,4,0,0,0,0,1,223.00737279770553,7.440170128399419,0.7125349000125425,full_space_bo,0,medium,112,0.0,7.440170128399419,False,0,1,distance,60.0,15.0,window_wide,300
113,0.0,0,0.0,False,False,3,0,0,0,0,0,210.41555249097803,7.440170128399419,0.7863935000059428,full_space_bo,0,medium,113,0.0,7.440170128399419,False,0,1,distance,60.0,15.0,window_wide,300
114,0.0,0,0.0,False,False,2,0,0,0,0,0,235.57578763612491,7.440170128399419,0.8672608000051696,full_space_bo,0,medium,114,0.0,7.440170128399419,False,0,1,distance,60.0,15.0,window_wide,300
115,0.0,0,0.0,False,False,2,0,0,0,0,0,242.76395374234343,7.440170128399419,0.9450521000107983,full_space_bo,0,medium,115,0.0,7.440170128399419,False,0,1,distance,60.0,15.0,window_wide,300
116,0.0,0,0.0,False,False,5,0,0,0,0,0,219.72775954085122,7.440170128399419,1.0481533000129275,full_space_bo,0,medium,116,0.0,7.440170128399419,False,0,1,distance,60.0,15.0,window_wide,300
117,0.0,0,0.0,False,False,2,0,0,1,0,1,224.04480474552574,7.440170128399419,1.169810100007453,full_space_bo,0,medium,117,0.0,7.440170128399419,False,0,1,distance,60.0,15.0,window_wide,300
118,0.0,0,0.0,False,False,3,0,0,0,0,0,245.72016673498314,7.440170128399419,1.3356029999995371,full_space_bo,0,medium,118,0.0,7.440170128399419,False,0,1,distance,60.0,15.0,window_wide,300
119,0.0,0,0.0,False,False,6,0,0,0,0,0,239.74679237848252,7.440170128399419,1.4848373999993782,full_space_bo,0,medium,119,0.0,7.440170128399419,False,0,1,distance,60.0,15.0,window_wide,300
120,0.0,0,0.0,False,False,4,0,0,0,0,1,258.50829838080904,7.440170128399419,1.5730627000011737,full_space_bo,0,medium,120,0.0,7.440170128399419,False,0,1,distance,60.0,15.0,window_wide,300
121,0.0,0,0.0,False,False,3,0,0,0,0,1,231.93139488274534,7.440170128399419,1.7134662000025855,full_space_bo,0,medium,121,0.0,7.440170128399419,False,0,1,distance,60.0,15.0,window_wide,300
122,0.0,0,0.0,False,False,4,0,0,0,0,1,213.4355937702095,7.440170128399419,1.8598080000083428,full_space_bo,0,medium,122,0.0,7.440170128399419,False,0,1,distance,60.0,15.0,window_wide,300
123,0.0,0,0.0,False,False,1,0,0,0,0,2,233.99769106390687,7.440170128399419,2.0039589000080014,full_space_bo,0,medium,123,0.0,7.440170128399419,False,0,1,distance,60.0,15.0,window_wide,300
124,0.0,0,0.0,False,False,1,0,0,0,0,0,225.77095472744844,7.440170128399419,2.1525732000009157,full_space_bo,0,medium,124,0.0,7.440170128399419,False,0,1,distance,60.0,15.0,window_wide,300
125,0.0,0,0.0,False,False,2,0,0,0,0,0,245.39518820288066,7.440170128399419,2.250473600011901,full_space_bo,0,medium,125,0.0,7.440170128399419,False,0,1,distance,60.0,15.0,window_wide,300
126,0.0,0,0.0,False,False,4,0,0,0,0,1,233.85274278036871,7.440170128399419,2.40369869999995,full_space_bo,0,medium,126,0.0,7.440170128399419,False,0,1,distance,60.0,15.0,window_wide,300
127,0.0,0,0.0,False,False,4,0,0,1,0,1,220.13246755313122,7.440170128399419,2.52052150000236,full_space_bo,0,medium,127,0.0,7.440170128399419,False,0,1,distance,60.0,15.0,window_wide,300
128,0.0,0,0.0,False,False,2,0,0,0,0,2,216.24122842896864,7.440170128399419,2.633826500008581,full_space_bo,0,medium,128,0.0,7.440170128399419,False,0,1,distance,60.0,15.0,window_wide,300
129,0.0,0,0.0,False,False,4,0,0,0,0,0,238.19084447462205,7.440170128399419,2.7913230000121985,full_space_bo,0,medium,129,0.0,7.440170128399419,False,0,1,distance,60.0,15.0,window_wide,300
130,4.350460206499511,1,0.05,True,False,2,1,1,0,0,0,240.6095999526079,7.440170128399419,2.927147700000205,full_space_bo,0,medium,130,4.350460206499511,7.440170128399419,True,1,1,distance,60.0,15.0,window_wide,300
131,0.0,0,0.0,False,False,2,0,0,0,0,0,241.0144260342019,7.440170128399419,3.043960800001514,full_space_bo,0,medium,131,0.0,7.440170128399419,False,0,1,distance,60.0,15.0,window_wide,300
132,0.0,0,0.0,False,False,1,0,0,0,0,0,264.07630664527426,7.440170128399419,3.157779000001028,full_space_bo,0,medium,132,0.0,7.440170128399419,False,0,1,distance,60.0,15.0,window_wide,300
133,0.0,0,0.0,False,False,1,0,0,0,0,0,245.0535559680006,7.440170128399419,3.278487600007793,full_space_bo,0,medium,133,0.0,7.440170128399419,False,0,1,distance,60.0,15.0,window_wide,300
134,0.0,0,0.0,False,False,0,0,0,0,0,0,205.29666016161852,7.440170128399419,3.4401684000040404,full_space_bo,0,medium,134,0.0,7.440170128399419,False,0,1,distance,60.0,15.0,window_wide,300
135,0.0,0,0.0,False,False,2,0,0,0,0,0,226.33569345771087,7.440170128399419,3.6070835999998963,full_space_bo,0,medium,135,0.0,7.440170128399419,False,0,1,distance,60.0,15.0,window_wide,300
136,0.0,0,0.0,False,False,3,0,0,0,0,0,230.76627694339288,7.440170128399419,3.7857350000122096,full_space_bo,0,medium,136,0.0,7.440170128399419,False,0,1,distance,60.0,15.0,window_wide,300
137,0.0,0,0.0,False,False,5,0,0,0,0,1,257.4781493453602,7.440170128399419,3.926117900002282,full_space_bo,0,medium,137,0.0,7.440170128399419,False,0,1,distance,60.0,15.0,window_wide,300
138,0.0,0,0.0,False,False,3,0,0,1,0,0,226.58811075063517,7.440170128399419,4.085396900001797,full_space_bo,0,medium,138,0.0,7.440170128399419,False,0,1,distance,60.0,15.0,window_wide,300
139,0.0,0,0.0,False,False,2,0,0,0,0,1,252.012030534216,7.440170128399419,4.241359500010731,full_space_bo,0,medium,139,0.0,7.440170128399419,False,0,1,distance,60.0,15.0,window_wide,300
140,0.0,0,0.0,False,False,1,0,0,0,0,0,200.98513493915934,7.440170128399419,4.401546500012046,full_space_bo,0,medium,140,0.0,7.440170128399419,False,0,1,distance,60.0,15.0,window_wide,300
141,0.0,0,0.0,False,False,3,0,0,0,0,1,216.46371666200992,7.440170128399419,4.510993200005032,full_space_bo,0,medium,141,0.0,7.440170128399419,False,0,1,distance,60.0,15.0,window_wide,300
142,0.0,0,0.0,False,False,3,0,0,1,0,2,252.28040623683634,7.440170128399419,4.678286400012439,full_space_bo,0,medium,142,0.0,7.440170128399419,False,0,1,distance,60.0,15.0,window_wide,300
143,0.0,0,0.0,False,False,1,0,0,0,0,0,229.3743860317532,7.440170128399419,4.815372299999581,full_space_bo,0,medium,143,0.0,7.440170128399419,False,0,1,distance,60.0,15.0,window_wide,300
144,0.0,0,0.0,False,False,3,0,0,1,0,1,243.26599207175647,7.440170128399419,4.944554000001517,full_space_bo,0,medium,144,0.0,7.440170128399419,False,0,1,distance,60.0,15.0,window_wide,300
145,0.0,0,0.0,False,False,2,0,0,0,0,0,240.99957524369566,7.440170128399419,5.084143200001563,full_space_bo,0,medium,145,0.0,7.440170128399419,False,0,1,distance,60.0,15.0,window_wide,300
146,0.0,0,0.0,False,False,1,0,0,0,0,0,211.02271058456765,7.440170128399419,5.255300000004354,full_space_bo,0,medium,146,0.0,7.440170128399419,False,0,1,distance,60.0,15.0,window_wide,300
147,0.0,0,0.0,False,False,0,0,0,0,0,0,249.8152561042689,7.440170128399419,5.422472500009462,full_space_bo,0,medium,147,0.0,7.440170128399419,False,0,1,distance,60.0,15.0,window_wide,300
148,0.0,0,0.0,False,False,2,0,0,1,0,2,246.88507917334394,7.440170128399419,5.59576900000684,full_space_bo,0,medium,148,0.0,7.440170128399419,False,0,1,distance,60.0,15.0,window_wide,300
149,0.0,0,0.0,False,False,0,0,0,0,0,2,273.3996905553299,7.440170128399419,5.756578500004252,full_space_bo,0,medium,149,0.0,7.440170128399419,False,0,1,distance,60.0,15.0,window_wide,300
150,0.0,0,0.0,False,False,2,0,0,1,0,0,258.5877033933068,7.440170128399419,5.998717500013299,full_space_bo,0,medium,150,0.0,7.440170128399419,False,0,1,distance,60.0,15.0,window_wide,300
151,0.0,0,0.0,False,False,3,0,0,1,0,0,241.81306349785825,7.440170128399419,6.217322500000591,full_space_bo,0,medium,151,0.0,7.440170128399419,False,0,1,distance,60.0,15.0,window_wide,300
152,0.0,0,0.0,False,False,2,0,0,0,0,2,238.82975008283148,7.440170128399419,6.441194400002132,full_space_bo,0,medium,152,0.0,7.440170128399419,False,0,1,distance,60.0,15.0,window_wide,300
153,0.0,0,0.0,False,False,2,0,0,1,0,0,253.52015470812313,7.440170128399419,6.608930300004431,full_space_bo,0,medium,153,0.0,7.440170128399419,False,0,1,distance,60.0,15.0,window_wide,300
154,0.0,0,0.0,False,False,2,0,0,0,0,0,209.68306823946867,7.440170128399419,6.834865800003172,full_space_bo,0,medium,154,0.0,7.440170128399419,False,0,1,distance,60.0,15.0,window_wide,300
155,0.0,0,0.0,False,False,1,0,0,0,0,1,238.96405404257314,7.440170128399419,7.024165700000594,full_space_bo,0,medium,155,0.0,7.440170128399419,False,0,1,distance,60.0,15.0,window_wide,300
156,0.0,0,0.0,False,False,0,0,0,0,0,1,255.28922905086858,7.440170128399419,7.269438400006038,full_space_bo,0,medium,156,0.0,7.440170128399419,False,0,1,distance,60.0,15.0,window_wide,300
157,0.0,0,0.0,False,False,1,0,0,0,0,1,232.42594643064058,7.440170128399419,7.433832100010477,full_space_bo,0,medium,157,0.0,7.440170128399419,False,0,1,distance,60.0,15.0,window_wide,300
158,0.0,0,0.0,False,False,3,0,0,1,0,0,244.54241570467187,7.440170128399419,7.634415600012289,full_space_bo,0,medium,158,0.0,7.440170128399419,False,0,1,distance,60.0,15.0,window_wide,300
159,0.0,0,0.0,False,False,4,0,0,0,0,1,249.89912592680858,7.440170128399419,7.861786200010101,full_space_bo,0,medium,159,0.0,7.440170128399419,False,0,1,distance,60.0,15.0,window_wide,300
160,0.0,0,0.0,False,False,2,0,0,0,0,0,207.83522934258662,7.440170128399419,8.03598640000564,full_space_bo,0,medium,160,0.0,7.440170128399419,False,0,1,distance,60.0,15.0,window_wide,300
161,0.0,0,0.0,False,False,2,0,0,2,0,2,229.97027987192524,7.440170128399419,8.272593500005314,full_space_bo,0,medium,161,0.0,7.440170128399419,False,0,1,distance,60.0,15.0,window_wide,300
162,0.0,0,0.0,False,False,4,0,0,2,0,1,255.55575127576373,7.440170128399419,8.501632500003325,full_space_bo,0,medium,162,0.0,7.440170128399419,False,0,1,distance,60.0,15.0,window_wide,300
163,0.0,0,0.0,False,False,0,0,0,0,0,1,216.5168979889488,7.440170128399419,8.726763099999516,full_space_bo,0,medium,163,0.0,7.440170128399419,False,0,1,distance,60.0,15.0,window_wide,300
164,0.0,0,0.0,False,False,0,0,0,0,0,2,248.1368991779491,7.440170128399419,8.990477300001658,full_space_bo,0,medium,164,0.0,7.440170128399419,False,0,1,distance,60.0,15.0,window_wide,300
165,0.0,0,0.0,False,False,1,0,0,0,0,0,246.79403999831786,7.440170128399419,9.222061600012239,full_space_bo,0,medium,165,0.0,7.440170128399419,False,0,1,distance,60.0,15.0,window_wide,300
166,0.0,0,0.0,False,False,2,0,0,0,0,0,236.46704069843915,7.440170128399419,9.435510200011777,full_space_bo,0,medium,166,0.0,7.440170128399419,False,0,1,distance,60.0,15.0,window_wide,300
167,0.0,0,0.0,False,False,2,0,0,0,0,0,254.91014854950464,7.440170128399419,9.635895600004005,full_space_bo,0,medium,167,0.0,7.440170128399419,False,0,1,distance,60.0,15.0,window_wide,300
168,0.0,0,0.0,False,False,1,0,0,0,0,2,233.09780841715326,7.440170128399419,9.867254299999331,full_space_bo,0,medium,168,0.0,7.440170128399419,False,0,1,distance,60.0,15.0,window_wide,300
169,0.0,0,0.0,False,False,1,0,0,1,0,1,242.42838980814574,7.440170128399419,10.060258600002271,full_space_bo,0,medium,169,0.0,7.440170128399419,False,0,1,distance,60.0,15.0,window_wide,300
170,0.0,0,0.0,False,False,2,0,0,0,0,3,259.9366922706923,7.440170128399419,10.280898299999535,full_space_bo,0,medium,170,0.0,7.440170128399419,False,0,1,distance,60.0,15.0,window_wide,300
171,0.0,0,0.0,False,False,0,0,0,0,0,2,234.1262236699897,7.440170128399419,10.435622900011367,full_space_bo,0,medium,171,0.0,7.440170128399419,False,0,1,distance,60.0,15.0,window_wide,300
172,0.0,0,0.0,False,False,3,0,0,0,0,1,235.9894934124016,7.440170128399419,10.63493680000829,full_space_bo,0,medium,172,0.0,7.440170128399419,False,0,1,distance,60.0,15.0,window_wide,300
173,0.0,0,0.0,False,False,2,0,0,1,0,1,236.3138468332322,7.440170128399419,10.87965040000563,full_space_bo,0,medium,173,0.0,7.440170128399419,False,0,1,distance,60.0,15.0,window_wide,300
174,0.0,0,0.0,False,False,4,0,0,1,0,2,225.94768883175814,7.440170128399419,11.102678499999456,full_space_bo,0,medium,174,0.0,7.440170128399419,False,0,1,distance,60.0,15.0,window_wide,300
175,0.0,0,0.0,False,False,3,0,0,0,0,1,243.84525695270943,7.440170128399419,11.245881000009831,full_space_bo,0,medium,175,0.0,7.440170128399419,False,0,1,distance,60.0,15.0,window_wide,300
176,0.0,0,0.0,False,False,1,0,0,0,0,1,247.78373660841208,7.440170128399419,11.496740500006126,full_space_bo,0,medium,176,0.0,7.440170128399419,False,0,1,distance,60.0,15.0,window_wide,300
177,0.0,0,0.0,False,False,2,0,0,0,0,0,233.25769871074854,7.440170128399419,11.728697800004738,full_space_bo,0,medium,177,0.0,7.440170128399419,False,0,1,distance,60.0,15.0,window_wide,300
178,0.0,0,0.0,False,False,2,0,0,0,0,1,229.68470816876732,7.440170128399419,11.96409430001222,full_space_bo,0,medium,178,0.0,7.440170128399419,False,0,1,distance,60.0,15.0,window_wide,300
179,0.0,0,0.0,False,False,4,0,0,0,0,1,242.1265126236982,7.440170128399419,12.205341600012616,full_space_bo,0,medium,179,0.0,7.440170128399419,False,0,1,distance,60.0,15.0,window_wide,300
180,0.0,0,0.0,False,False,2,0,0,0,0,0,252.89591045009863,7.440170128399419,12.445252000004984,full_space_bo,0,medium,180,0.0,7.440170128399419,False,0,1,distance,60.0,15.0,window_wide,300
181,0.0,0,0.0,False,False,2,0,0,0,0,0,274.9242378921244,7.440170128399419,12.665485000004992,full_space_bo,0,medium,181,0.0,7.440170128399419,False,0,1,distance,60.0,15.0,window_wide,300
182,0.0,0,0.0,False,False,3,0,0,0,0,0,236.3169953105499,7.440170128399419,12.93859400000656,full_space_bo,0,medium,182,0.0,7.440170128399419,False,0,1,distance,60.0,15.0,window_wide,300
183,0.0,0,0.0,False,False,2,0,0,0,0,2,225.01700584980483,7.440170128399419,13.171188700012863,full_space_bo,0,medium,183,0.0,7.440170128399419,False,0,1,distance,60.0,15.0,window_wide,300
184,0.0,0,0.0,False,False,0,0,0,0,0,1,239.36670839598858,7.440170128399419,13.353958400010015,full_space_bo,0,medium,184,0.0,7.440170128399419,False,0,1,distance,60.0,15.0,window_wide,300
185,0.0,0,0.0,False,False,1,0,0,0,0,1,255.8963898843361,7.440170128399419,13.57308310001099,full_space_bo,0,medium,185,0.0,7.440170128399419,False,0,1,distance,60.0,15.0,window_wide,300
186,0.0,0,0.0,False,False,4,0,0,1,0,0,258.71556002554775,7.440170128399419,13.946627800003625,full_space_bo,0,medium,186,0.0,7.440170128399419,False,0,1,distance,60.0,15.0,window_wide,300
187,0.0,0,0.0,False,False,2,0,0,0,0,0,239.28502878500066,7.440170128399419,14.188987200002884,full_space_bo,0,medium,187,0.0,7.440170128399419,False,0,1,distance,60.0,15.0,window_wide,300
188,0.0,0,0.0,False,False,0,0,0,0,0,2,241.4727027623246,7.440170128399419,14.44011280000268,full_space_bo,0,medium,188,0.0,7.440170128399419,False,0,1,distance,60.0,15.0,window_wide,300
189,0.0,0,0.0,False,False,1,0,0,0,0,2,225.41951758241373,7.440170128399419,14.663677400007145,full_space_bo,0,medium,189,0.0,7.440170128399419,False,0,1,distance,60.0,15.0,window_wide,300
190,0.0,0,0.0,False,False,2,0,0,0,0,2,233.5023723506274,7.440170128399419,14.870547700003954,full_space_bo,0,medium,190,0.0,7.440170128399419,False,0,1,distance,60.0,15.0,window_wide,300
191,0.0,0,0.0,False,False,3,0,0,0,0,2,213.81582370558164,7.440170128399419,15.0548897000117,full_space_bo,0,medium,191,0.0,7.440170128399419,False,0,1,distance,60.0,15.0,window_wide,300
192,0.0,0,0.0,False,False,1,0,0,0,0,1,242.85972687671858,7.440170128399419,15.314764900002046,full_space_bo,0,medium,192,0.0,7.440170128399419,False,0,1,distance,60.0,15.0,window_wide,300
193,0.0,0,0.0,False,False,3,0,0,0,0,0,238.19593350502353,7.440170128399419,15.662674400009564,full_space_bo,0,medium,193,0.0,7.440170128399419,False,0,1,distance,60.0,15.0,window_wide,300
194,0.0,0,0.0,False,False,4,0,0,0,0,2,251.41205770648415,7.440170128399419,15.934810300008394,full_space_bo,0,medium,194,0.0,7.440170128399419,False,0,1,distance,60.0,15.0,window_wide,300
195,0.0,0,0.0,False,False,2,0,0,0,0,0,216.00164965316057,7.440170128399419,16.127367000008235,full_space_bo,0,medium,195,0.0,7.440170128399419,False,0,1,distance,60.0,15.0,window_wide,300
196,0.0,0,0.0,False,False,4,0,0,0,0,1,244.75453896441394,7.440170128399419,16.30232510001224,full_space_bo,0,medium,196,0.0,7.440170128399419,False,0,1,distance,60.0,15.0,window_wide,300
197,0.0,0,0.0,False,False,2,0,0,1,0,1,235.1179856412219,7.440170128399419,16.463782500009984,full_space_bo,0,medium,197,0.0,7.440170128399419,False,0,1,distance,60.0,15.0,window_wide,300
198,0.0,0,0.0,False,False,5,0,0,0,0,0,236.12712495165889,7.440170128399419,16.618489600004978,full_space_bo,0,medium,198,0.0,7.440170128399419,False,0,1,distance,60.0,15.0,window_wide,300
199,0.0,0,0.0,False,False,1,0,0,0,0,1,234.05426838710346,7.440170128399419,16.77317000000039,full_space_bo,0,medium,199,0.0,7.440170128399419,False,0,1,distance,60.0,15.0,window_wide,300
200,0.0,0,0.0,False,False,3,0,0,1,0,2,226.75252009683848,7.440170128399419,16.94863230000192,full_space_bo,0,medium,200,0.0,7.440170128399419,False,0,1,distance,60.0,15.0,window_wide,300
201,0.0,0,0.0,False,False,2,0,0,0,0,1,214.138439513145,7.440170128399419,17.100766100003966,full_space_bo,0,medium,201,0.0,7.440170128399419,False,0,1,distance,60.0,15.0,window_wide,300
202,0.0,0,0.0,False,False,3,0,0,0,0,0,210.47789150047163,7.440170128399419,17.27931390001322,full_space_bo,0,medium,202,0.0,7.440170128399419,False,0,1,distance,60.0,15.0,window_wide,300
203,0.0,0,0.0,False,False,1,0,0,0,0,0,249.5774320556679,7.440170128399419,17.494020199999795,full_space_bo,0,medium,203,0.0,7.440170128399419,False,0,1,distance,60.0,15.0,window_wide,300
204,0.0,0,0.0,False,False,2,0,0,0,0,1,229.6170161940687,7.440170128399419,17.681144400004996,full_space_bo,0,medium,204,0.0,7.440170128399419,False,0,1,distance,60.0,15.0,window_wide,300
205,0.0,0,0.0,False,False,2,0,0,0,0,0,254.1958196696902,7.440170128399419,17.828277400010847,full_space_bo,0,medium,205,0.0,7.440170128399419,False,0,1,distance,60.0,15.0,window_wide,300
206,0.0,0,0.0,False,False,0,0,0,0,0,1,249.5158001207443,7.440170128399419,17.974739200013573,full_space_bo,0,medium,206,0.0,7.440170128399419,False,0,1,distance,60.0,15.0,window_wide,300
207,0.0,0,0.0,False,False,2,0,0,0,0,0,236.6644568607669,7.440170128399419,18.197257800013176,full_space_bo,0,medium,207,0.0,7.440170128399419,False,0,1,distance,60.0,15.0,window_wide,300
208,0.0,0,0.0,False,False,1,0,0,1,0,2,212.0369359083332,7.440170128399419,18.336642900001607,full_space_bo,0,medium,208,0.0,7.440170128399419,False,0,1,distance,60.0,15.0,window_wide,300
209,0.0,0,0.0,False,False,4,0,0,1,0,1,232.19015419805044,7.440170128399419,18.522389900012058,full_space_bo,0,medium,209,0.0,7.440170128399419,False,0,1,distance,60.0,15.0,window_wide,300
210,0.0,0,0.0,False,False,3,0,0,0,0,1,229.30878810551508,7.440170128399419,18.707422100007534,full_space_bo,0,medium,210,0.0,7.440170128399419,False,0,1,distance,60.0,15.0,window_wide,300
211,0.0,0,0.0,False,False,3,0,0,1,0,0,242.95970809383624,7.440170128399419,18.855821200006176,full_space_bo,0,medium,211,0.0,7.440170128399419,False,0,1,distance,60.0,15.0,window_wide,300
212,0.0,0,0.0,False,False,3,0,0,0,0,1,239.4763196280499,7.440170128399419,19.00944530000561,full_space_bo,0,medium,212,0.0,7.440170128399419,False,0,1,distance,60.0,15.0,window_wide,300
213,0.0,0,0.0,False,False,1,0,0,1,0,1,242.50510908277934,7.440170128399419,19.15270010000677,full_space_bo,0,medium,213,0.0,7.440170128399419,False,0,1,distance,60.0,15.0,window_wide,300
214,0.0,0,0.0,False,False,1,0,0,0,0,1,240.2046879286315,7.440170128399419,19.288918200007174,full_space_bo,0,medium,214,0.0,7.440170128399419,False,0,1,distance,60.0,15.0,window_wide,300
215,0.0,0,0.0,False,False,2,0,0,0,0,0,242.59379952153017,7.440170128399419,19.424416800000472,full_space_bo,0,medium,215,0.0,7.440170128399419,False,0,1,distance,60.0,15.0,window_wide,300
216,0.0,0,0.0,False,False,2,0,0,0,0,0,241.80868639955239,7.440170128399419,19.558528200010187,full_space_bo,0,medium,216,0.0,7.440170128399419,False,0,1,distance,60.0,15.0,window_wide,300
217,0.0,0,0.0,False,False,5,0,0,0,0,3,230.69881770649314,7.440170128399419,19.696631600003457,full_space_bo,0,medium,217,0.0,7.440170128399419,False,0,1,distance,60.0,15.0,window_wide,300
218,0.0,0,0.0,False,False,4,0,0,0,0,1,236.6585778440754,7.440170128399419,19.852008300003945,full_space_bo,0,medium,218,0.0,7.440170128399419,False,0,1,distance,60.0,15.0,window_wide,300
219,0.0,0,0.0,False,False,2,0,0,0,0,0,235.89314397138526,7.440170128399419,20.06454790000862,full_space_bo,0,medium,219,0.0,7.440170128399419,False,0,1,distance,60.0,15.0,window_wide,300
220,0.0,0,0.0,False,False,2,0,0,0,0,0,236.17907323133787,7.440170128399419,20.282484300012584,full_space_bo,0,medium,220,0.0,7.440170128399419,False,0,1,distance,60.0,15.0,window_wide,300
221,0.0,0,0.0,False,False,2,0,0,0,0,0,225.23771865425798,7.440170128399419,20.50478680001106,full_space_bo,0,medium,221,0.0,7.440170128399419,False,0,1,distance,60.0,15.0,window_wide,300
222,0.0,0,0.0,False,False,0,0,0,0,0,1,258.5304499364506,7.440170128399419,20.713034100001096,full_space_bo,0,medium,222,0.0,7.440170128399419,False,0,1,distance,60.0,15.0,window_wide,300
223,0.0,0,0.0,False,False,2,0,0,1,0,0,225.42415862513764,7.440170128399419,20.931474700002582,full_space_bo,0,medium,223,0.0,7.440170128399419,False,0,1,distance,60.0,15.0,window_wide,300
224,0.0,0,0.0,False,False,5,0,0,0,0,0,254.0314123540764,7.440170128399419,21.04185680000228,full_space_bo,0,medium,224,0.0,7.440170128399419,False,0,1,distance,60.0,15.0,window_wide,300
225,0.0,0,0.0,False,False,0,0,0,0,0,1,244.28837874871402,7.440170128399419,21.114297899999656,full_space_bo,0,medium,225,0.0,7.440170128399419,False,0,1,distance,60.0,15.0,window_wide,300
226,0.0,0,0.0,False,False,3,0,0,0,0,2,224.7158193996986,7.440170128399419,21.198501700011548,full_space_bo,0,medium,226,0.0,7.440170128399419,False,0,1,distance,60.0,15.0,window_wide,300
227,0.0,0,0.0,False,False,1,0,0,0,0,2,228.5400590942541,7.440170128399419,21.280661700002383,full_space_bo,0,medium,227,0.0,7.440170128399419,False,0,1,distance,60.0,15.0,window_wide,300
228,0.0,0,0.0,False,False,2,0,0,0,0,1,231.1958999074874,7.440170128399419,21.381390400012606,full_space_bo,0,medium,228,0.0,7.440170128399419,False,0,1,distance,60.0,15.0,window_wide,300
229,0.0,0,0.0,False,False,5,0,0,2,0,1,215.47792163880553,7.440170128399419,21.468211600003997,full_space_bo,0,medium,229,0.0,7.440170128399419,False,0,1,distance,60.0,15.0,window_wide,300
230,0.0,0,0.0,False,False,1,0,0,0,0,0,231.4665212775645,7.440170128399419,21.550383300011163,full_space_bo,0,medium,230,0.0,7.440170128399419,False,0,1,distance,60.0,15.0,window_wide,300
231,0.0,0,0.0,False,False,2,0,0,0,0,1,228.57870520809394,7.440170128399419,21.634807599999476,full_space_bo,0,medium,231,0.0,7.440170128399419,False,0,1,distance,60.0,15.0,window_wide,300
232,0.0,0,0.0,False,False,6,0,0,0,0,1,229.55942204850754,7.440170128399419,21.71375620001345,full_space_bo,0,medium,232,0.0,7.440170128399419,False,0,1,distance,60.0,15.0,window_wide,300
233,0.0,0,0.0,False,False,1,0,0,0,0,0,227.53318056008888,7.440170128399419,21.79596990000573,full_space_bo,0,medium,233,0.0,7.440170128399419,False,0,1,distance,60.0,15.0,window_wide,300
234,0.0,0,0.0,False,False,5,0,0,0,0,0,217.69254146112806,7.440170128399419,21.88730710001255,full_space_bo,0,medium,234,0.0,7.440170128399419,False,0,1,distance,60.0,15.0,window_wide,300
235,0.0,0,0.0,False,False,2,0,0,0,0,1,215.20595487071753,7.440170128399419,21.97629860001325,full_space_bo,0,medium,235,0.0,7.440170128399419,False,0,1,distance,60.0,15.0,window_wide,300
236,0.0,0,0.0,False,False,4,0,0,0,0,1,225.10674143219222,7.440170128399419,22.06104190000042,full_space_bo,0,medium,236,0.0,7.440170128399419,False,0,1,distance,60.0,15.0,window_wide,300
237,0.0,0,0.0,False,False,5,0,0,1,0,1,234.51007198156847,7.440170128399419,22.14735950001341,full_space_bo,0,medium,237,0.0,7.440170128399419,False,0,1,distance,60.0,15.0,window_wide,300
238,0.0,0,0.0,False,False,1,0,0,0,0,0,239.31508722386081,7.440170128399419,22.239752200010116,full_space_bo,0,medium,238,0.0,7.440170128399419,False,0,1,distance,60.0,15.0,window_wide,300
239,0.0,0,0.0,False,False,1,0,0,0,0,1,236.7985984040288,7.440170128399419,22.332611300007557,full_space_bo,0,medium,239,0.0,7.440170128399419,False,0,1,distance,60.0,15.0,window_wide,300
240,0.0,0,0.0,False,False,4,0,0,1,0,0,242.5376926758392,7.440170128399419,22.419364800007315,full_space_bo,0,medium,240,0.0,7.440170128399419,False,0,1,distance,60.0,15.0,window_wide,300
241,0.0,0,0.0,False,False,2,0,0,0,0,2,238.18745828022253,7.440170128399419,22.507487700000638,full_space_bo,0,medium,241,0.0,7.440170128399419,False,0,1,distance,60.0,15.0,window_wide,300
242,0.0,0,0.0,False,False,2,0,0,0,0,3,217.5626952569384,7.440170128399419,22.600117699999828,full_space_bo,0,medium,242,0.0,7.440170128399419,False,0,1,distance,60.0,15.0,window_wide,300
243,0.0,0,0.0,False,False,4,0,0,0,0,0,230.9472031184587,7.440170128399419,22.68490040001052,full_space_bo,0,medium,243,0.0,7.440170128399419,False,0,1,distance,60.0,15.0,window_wide,300
244,0.0,0,0.0,False,False,1,0,0,0,0,1,254.4614365756148,7.440170128399419,22.768642800001544,full_space_bo,0,medium,244,0.0,7.440170128399419,False,0,1,distance,60.0,15.0,window_wide,300
245,0.0,0,0.0,False,False,2,0,0,1,0,0,240.85178713200312,7.440170128399419,22.847898300009547,full_space_bo,0,medium,245,0.0,7.440170128399419,False,0,1,distance,60.0,15.0,window_wide,300
246,0.0,0,0.0,False,False,3,0,0,1,0,1,241.6135988644011,7.440170128399419,22.934788300000946,full_space_bo,0,medium,246,0.0,7.440170128399419,False,0,1,distance,60.0,15.0,window_wide,300
247,0.0,0,0.0,False,False,0,0,0,0,0,1,241.00115114308494,7.440170128399419,23.01732300000731,full_space_bo,0,medium,247,0.0,7.440170128399419,False,0,1,distance,60.0,15.0,window_wide,300
248,0.0,1,0.05,False,False,2,1,1,0,0,3,217.972915466251,7.440170128399419,23.102362000005087,full_space_bo,0,medium,248,0.0,7.440170128399419,False,1,1,distance,60.0,15.0,window_wide,300
249,0.0,0,0.0,False,False,2,0,0,1,0,0,236.93293549113622,7.440170128399419,23.209888400000636,full_space_bo,0,medium,249,0.0,7.440170128399419,False,0,1,distance,60.0,15.0,window_wide,300
250,0.0,0,0.0,False,False,1,0,0,1,0,1,224.89001048586934,7.440170128399419,23.29903030001151,full_space_bo,0,medium,250,0.0,7.440170128399419,False,0,1,distance,60.0,15.0,window_wide,300
251,0.0,0,0.0,False,False,3,0,0,0,0,1,234.75260103877636,7.440170128399419,23.385490900007426,full_space_bo,0,medium,251,0.0,7.440170128399419,False,0,1,distance,60.0,15.0,window_wide,300
252,0.0,0,0.0,False,False,2,0,0,0,0,0,240.67587197690744,7.440170128399419,23.4690954000107,full_space_bo,0,medium,252,0.0,7.440170128399419,False,0,1,distance,60.0,15.0,window_wide,300
253,0.0,0,0.0,False,False,1,0,0,0,0,2,220.5015414150407,7.440170128399419,23.553178100002697,full_space_bo,0,medium,253,0.0,7.440170128399419,False,0,1,distance,60.0,15.0,window_wide,300
254,0.0,0,0.0,False,False,3,0,0,0,0,0,226.27478277398794,7.440170128399419,23.634368500002893,full_space_bo,0,medium,254,0.0,7.440170128399419,False,0,1,distance,60.0,15.0,window_wide,300
255,0.0,0,0.0,False,False,2,0,0,0,0,0,229.29952803953208,7.440170128399419,23.715030300008948,full_space_bo,0,medium,255,0.0,7.440170128399419,False,0,1,distance,60.0,15.0,window_wide,300
256,0.0,0,0.0,False,False,3,0,0,1,0,1,234.94704421815067,7.440170128399419,23.791182600005413,full_space_bo,0,medium,256,0.0,7.440170128399419,False,0,1,distance,60.0,15.0,window_wide,300
257,0.0,0,0.0,False,False,1,0,0,0,0,2,219.43690483148973,7.440170128399419,23.868575900007272,full_space_bo,0,medium,257,0.0,7.440170128399419,False,0,1,distance,60.0,15.0,window_wide,300
258,0.0,0,0.0,False,False,2,0,0,1,0,3,218.06953917693667,7.440170128399419,23.940547600010177,full_space_bo,0,medium,258,0.0,7.440170128399419,False,0,1,distance,60.0,15.0,window_wide,300
259,0.0,0,0.0,False,False,3,0,0,1,0,3,263.32014992078837,7.440170128399419,24.027103700005682,full_space_bo,0,medium,259,0.0,7.440170128399419,False,0,1,distance,60.0,15.0,window_wide,300
260,0.0,0,0.0,False,False,3,0,0,0,0,1,237.45143707488066,7.440170128399419,24.10782790000667,full_space_bo,0,medium,260,0.0,7.440170128399419,False,0,1,distance,60.0,15.0,window_wide,300
261,0.0,0,0.0,False,False,2,0,0,0,0,1,240.4044429056602,7.440170128399419,24.20881380001083,full_space_bo,0,medium,261,0.0,7.440170128399419,False,0,1,distance,60.0,15.0,window_wide,300
262,0.0,0,0.0,False,False,2,0,0,0,0,0,224.8363548111556,7.440170128399419,24.288333400007105,full_space_bo,0,medium,262,0.0,7.440170128399419,False,0,1,distance,60.0,15.0,window_wide,300
263,0.0,0,0.0,False,False,2,0,0,0,0,2,248.1737127108806,7.440170128399419,24.363000800003647,full_space_bo,0,medium,263,0.0,7.440170128399419,False,0,1,distance,60.0,15.0,window_wide,300
264,0.0,0,0.0,False,False,3,0,0,0,0,2,216.77870668597032,7.440170128399419,24.438575000007404,full_space_bo,0,medium,264,0.0,7.440170128399419,False,0,1,distance,60.0,15.0,window_wide,300
265,0.0,0,0.0,False,False,1,0,0,0,0,0,230.44706403997077,7.440170128399419,24.520343000011053,full_space_bo,0,medium,265,0.0,7.440170128399419,False,0,1,distance,60.0,15.0,window_wide,300
266,0.0,0,0.0,False,False,4,0,0,1,0,1,243.50349585883149,7.440170128399419,24.604502300004242,full_space_bo,0,medium,266,0.0,7.440170128399419,False,0,1,distance,60.0,15.0,window_wide,300
267,0.0,0,0.0,False,False,4,0,0,0,0,2,233.5151176353698,7.440170128399419,24.683162700006505,full_space_bo,0,medium,267,0.0,7.440170128399419,False,0,1,distance,60.0,15.0,window_wide,300
268,0.0,0,0.0,False,False,3,0,0,0,0,2,250.33851908974628,7.440170128399419,24.783709000010276,full_space_bo,0,medium,268,0.0,7.440170128399419,False,0,1,distance,60.0,15.0,window_wide,300
269,0.0,0,0.0,False,False,2,0,0,0,0,2,242.83562802619747,7.440170128399419,24.873953500005882,full_space_bo,0,medium,269,0.0,7.440170128399419,False,0,1,distance,60.0,15.0,window_wide,300
270,0.0,0,0.0,False,False,2,0,0,0,0,2,240.0447871798828,7.440170128399419,24.96227180000278,full_space_bo,0,medium,270,0.0,7.440170128399419,False,0,1,distance,60.0,15.0,window_wide,300
271,0.0,0,0.0,False,False,2,0,0,0,0,1,226.37126874286227,7.440170128399419,25.046470800007228,full_space_bo,0,medium,271,0.0,7.440170128399419,False,0,1,distance,60.0,15.0,window_wide,300
272,0.0,0,0.0,False,False,3,0,0,1,0,1,256.27322024093746,7.440170128399419,25.131915800011484,full_space_bo,0,medium,272,0.0,7.440170128399419,False,0,1,distance,60.0,15.0,window_wide,300
273,0.0,0,0.0,False,False,0,0,0,0,0,2,257.46862169767707,7.440170128399419,25.213014799999655,full_space_bo,0,medium,273,0.0,7.440170128399419,False,0,1,distance,60.0,15.0,window_wide,300
274,0.0,0,0.0,False,False,2,0,0,0,0,1,244.32806661912494,7.440170128399419,25.2968697000033,full_space_bo,0,medium,274,0.0,7.440170128399419,False,0,1,distance,60.0,15.0,window_wide,300
275,0.0,0,0.0,False,False,2,0,0,0,0,1,232.69475398239985,7.440170128399419,25.374027800004114,full_space_bo,0,medium,275,0.0,7.440170128399419,False,0,1,distance,60.0,15.0,window_wide,300
276,0.0,0,0.0,False,False,2,0,0,0,0,1,234.2985269897854,7.440170128399419,25.459322800001246,full_space_bo,0,medium,276,0.0,7.440170128399419,False,0,1,distance,60.0,15.0,window_wide,300
277,0.0,0,0.0,False,False,4,0,0,1,0,1,247.8059069451761,7.440170128399419,25.534753900006763,full_space_bo,0,medium,277,0.0,7.440170128399419,False,0,1,distance,60.0,15.0,window_wide,300
278,0.0,0,0.0,False,False,4,0,0,0,0,1,214.2813954975935,7.440170128399419,25.620117200000095,full_space_bo,0,medium,278,0.0,7.440170128399419,False,0,1,distance,60.0,15.0,window_wide,300
279,0.0,0,0.0,False,False,5,0,0,0,0,3,253.66473860085628,7.440170128399419,25.734365000011167,full_space_bo,0,medium,279,0.0,7.440170128399419,False,0,1,distance,60.0,15.0,window_wide,300
280,0.0,0,0.0,False,False,0,0,0,0,0,0,228.83870012832102,7.440170128399419,25.829161200003,full_space_bo,0,medium,280,0.0,7.440170128399419,False,0,1,distance,60.0,15.0,window_wide,300
281,0.0,0,0.0,False,False,3,0,0,0,0,2,219.4372424314904,7.440170128399419,25.926751800012426,full_space_bo,0,medium,281,0.0,7.440170128399419,False,0,1,distance,60.0,15.0,window_wide,300
282,0.0,0,0.0,False,False,2,0,0,0,0,0,244.18921803052135,7.440170128399419,26.038188800011994,full_space_bo,0,medium,282,0.0,7.440170128399419,False,0,1,distance,60.0,15.0,window_wide,300
283,0.0,0,0.0,False,False,5,0,0,1,0,1,235.11186701915457,7.440170128399419,26.11640690000786,full_space_bo,0,medium,283,0.0,7.440170128399419,False,0,1,distance,60.0,15.0,window_wide,300
284,0.0,0,0.0,False,False,3,0,0,1,0,3,227.6160149766103,7.440170128399419,26.200773600008688,full_space_bo,0,medium,284,0.0,7.440170128399419,False,0,1,distance,60.0,15.0,window_wide,300
285,0.0,0,0.0,False,False,3,0,0,1,0,0,231.66926709189872,7.440170128399419,26.332403800013708,full_space_bo,0,medium,285,0.0,7.440170128399419,False,0,1,distance,60.0,15.0,window_wide,300
286,0.0,0,0.0,False,False,2,0,0,0,0,1,229.83532255475325,7.440170128399419,26.43470860000525,full_space_bo,0,medium,286,0.0,7.440170128399419,False,0,1,distance,60.0,15.0,window_wide,300
287,0.0,0,0.0,False,False,6,0,0,1,0,0,220.97997642311861,7.440170128399419,26.546345400012797,full_space_bo,0,medium,287,0.0,7.440170128399419,False,0,1,distance,60.0,15.0,window_wide,300
288,0.0,0,0.0,False,False,1,0,0,0,0,2,257.4537955018583,7.440170128399419,26.638331100009964,full_space_bo,0,medium,288,0.0,7.440170128399419,False,0,1,distance,60.0,15.0,window_wide,300
289,0.0,0,0.0,False,False,1,0,0,0,0,1,213.1646447689395,7.440170128399419,26.742339900010847,full_space_bo,0,medium,289,0.0,7.440170128399419,False,0,1,distance,60.0,15.0,window_wide,300
290,0.0,0,0.0,False,False,2,0,0,0,0,0,212.28975563348237,7.440170128399419,26.87295780000568,full_space_bo,0,medium,290,0.0,7.440170128399419,False,0,1,distance,60.0,15.0,window_wide,300
291,0.0,0,0.0,False,False,3,0,0,0,0,1,247.7060927119549,7.440170128399419,26.96924650001165,full_space_bo,0,medium,291,0.0,7.440170128399419,False,0,1,distance,60.0,15.0,window_wide,300
292,0.0,0,0.0,False,False,1,0,0,0,0,1,251.22532309112546,7.440170128399419,27.09372620000795,full_space_bo,0,medium,292,0.0,7.440170128399419,False,0,1,distance,60.0,15.0,window_wide,300
293,0.0,0,0.0,False,False,2,0,0,0,0,0,240.54125106711723,7.440170128399419,27.185243500003708,full_space_bo,0,medium,293,0.0,7.440170128399419,False,0,1,distance,60.0,15.0,window_wide,300
294,0.0,0,0.0,False,False,3,0,0,1,0,0,212.2141358303117,7.440170128399419,27.304727200011257,full_space_bo,0,medium,294,0.0,7.440170128399419,False,0,1,distance,60.0,15.0,window_wide,300
295,0.0,0,0.0,False,False,2,0,0,0,0,1,219.46505636948595,7.440170128399419,27.444213000009768,full_space_bo,0,medium,295,0.0,7.440170128399419,False,0,1,distance,60.0,15.0,window_wide,300
296,0.0,0,0.0,False,False,2,0,0,0,0,0,231.76721534408102,7.440170128399419,27.524040200005402,full_space_bo,0,medium,296,0.0,7.440170128399419,False,0,1,distance,60.0,15.0,window_wide,300
297,0.0,0,0.0,False,False,6,0,0,1,0,1,225.25845465716054,7.440170128399419,27.603065500006778,full_space_bo,0,medium,297,0.0,7.440170128399419,False,0,1,distance,60.0,15.0,window_wide,300
298,0.0,0,0.0,False,False,4,0,0,0,0,0,239.25086500694343,7.440170128399419,27.691267900008825,full_space_bo,0,medium,298,0.0,7.440170128399419,False,0,1,distance,60.0,15.0,window_wide,300
299,0.0,0,0.0,False,False,1,0,0,0,0,3,250.38754547365647,7.440170128399419,27.7900401000079,full_space_bo,0,medium,299,0.0,7.440170128399419,False,0,1,distance,60.0,15.0,window_wide,300
300,0.0,0,0.0,False,False,3,0,0,0,0,0,250.3646747323123,7.440170128399419,27.911654000010458,full_space_bo,0,medium,300,0.0,7.440170128399419,False,0,1,distance,60.0,15.0,window_wide,300
